{
  "totals": {
    "walked": 1809.65,
    "ran": 409.49000000000007,
    "cycled": 2420.6100000000006
  },
  "yearly": {
    "2024": {
      "walked": 794.91,
      "ran": 336.68000000000006,
      "cycled": 810.2800000000001
    },
    "2025": {
      "walked": 1014.7399999999999,
      "ran": 72.81,
      "cycled": 1610.3300000000002
    }
  },
  "monthly": {
    "2024-01": {
      "walked": 0.0,
      "ran": 14.0,
      "cycled": 0.0
    },
    "2024-02": {
      "walked": 0.0,
      "ran": 34.1,
      "cycled": 0.0
    },
    "2024-03": {
      "walked": 48.77,
      "ran": 44.89,
      "cycled": 46.21
    },
    "2024-04": {
      "walked": 59.19,
      "ran": 0.0,
      "cycled": 65.91
    },
    "2024-05": {
      "walked": 182.83,
      "ran": 0.0,
      "cycled": 33.99
    },
    "2024-06": {
      "walked": 128.01,
      "ran": 0.0,
      "cycled": 42.09
    },
    "2024-07": {
      "walked": 83.23,
      "ran": 0.0,
      "cycled": 59.61
    },
    "2024-08": {
      "walked": 86.56,
      "ran": 0.0,
      "cycled": 91.49
    },
    "2024-09": {
      "walked": 58.35,
      "ran": 29.44,
      "cycled": 40.28
    },
    "2024-10": {
      "walked": 51.6,
      "ran": 40.71,
      "cycled": 67.4
    },
    "2024-11": {
      "walked": 49.69,
      "ran": 95.94,
      "cycled": 194.2
    },
    "2024-12": {
      "walked": 46.68,
      "ran": 77.6,
      "cycled": 169.1
    },
    "2025-01": {
      "walked": 88.63,
      "ran": 19.92,
      "cycled": 56.06
    },
    "2025-02": {
      "walked": 80.84,
      "ran": 0.0,
      "cycled": 70.44
    },
    "2025-03": {
      "walked": 89.99,
      "ran": 0.0,
      "cycled": 88.41
    },
    "2025-04": {
      "walked": 86.68,
      "ran": 0.0,
      "cycled": 101.73
    },
    "2025-05": {
      "walked": 178.2,
      "ran": 0.0,
      "cycled": 184.74
    },
    "2025-06": {
      "walked": 163.84,
      "ran": 1.7,
      "cycled": 344.34
    },
    "2025-07": {
      "walked": 149.42,
      "ran": 11.06,
      "cycled": 446.39
    },
    "2025-08": {
      "walked": 177.14,
      "ran": 40.13,
      "cycled": 318.22
    },
    "2025-09": {
      "walked": 0.0,
      "ran": 0.0,
      "cycled": 0.0
    },
    "2025-10": {
      "walked": 0.0,
      "ran": 0.0,
      "cycled": 0.0
    },
    "2025-11": {
      "walked": 0.0,
      "ran": 0.0,
      "cycled": 0.0
    },
    "2025-12": {
      "walked": 0.0,
      "ran": 0.0,
      "cycled": 0.0
    }
  }
}