{
  "totals": {
    "walked": 17695.150000000012,
    "ran": 3661.64,
    "cycled": 23574.04
  },
  "yearly": {
    "2024": {
      "walked": 7154.190000000001,
      "ran": 3030.12,
      "cycled": 7292.519999999994
    },
    "2025": {
      "walked": 10540.960000000005,
      "ran": 631.5199999999999,
      "cycled": 16281.519999999988
    }
  },
  "monthly": {
    "2024-01": {
      "walked": 0.0,
      "ran": 126.0,
      "cycled": 0.0
    },
    "2024-02": {
      "walked": 0.0,
      "ran": 306.90000000000003,
      "cycled": 0.0
    },
    "2024-03": {
      "walked": 438.92999999999995,
      "ran": 404.00999999999993,
      "cycled": 415.88999999999993
    },
    "2024-04": {
      "walked": 532.71,
      "ran": 0.0,
      "cycled": 593.1899999999998
    },
    "2024-05": {
      "walked": 1645.4699999999998,
      "ran": 0.0,
      "cycled": 305.91
    },
    "2024-06": {
      "walked": 1152.09,
      "ran": 0.0,
      "cycled": 378.81000000000006
    },
    "2024-07": {
      "walked": 749.07,
      "ran": 0.0,
      "cycled": 536.49
    },
    "2024-08": {
      "walked": 779.04,
      "ran": 0.0,
      "cycled": 823.41
    },
    "2024-09": {
      "walked": 525.1500000000001,
      "ran": 264.96000000000004,
      "cycled": 362.52
    },
    "2024-10": {
      "walked": 464.4000000000001,
      "ran": 366.39,
      "cycled": 606.5999999999999
    },
    "2024-11": {
      "walked": 447.21,
      "ran": 863.46,
      "cycled": 1747.8000000000002
    },
    "2024-12": {
      "walked": 420.12,
      "ran": 698.4000000000001,
      "cycled": 1521.8999999999999
    },
    "2025-01": {
      "walked": 709.04,
      "ran": 159.36,
      "cycled": 448.48
    },
    "2025-02": {
      "walked": 646.7200000000001,
      "ran": 0.0,
      "cycled": 563.52
    },
    "2025-03": {
      "walked": 719.92,
      "ran": 0.0,
      "cycled": 707.2799999999999
    },
    "2025-04": {
      "walked": 693.44,
      "ran": 0.0,
      "cycled": 813.84
    },
    "2025-05": {
      "walked": 1425.6000000000001,
      "ran": 28.639999999999993,
      "cycled": 1477.92
    },
    "2025-06": {
      "walked": 1310.72,
      "ran": 13.599999999999998,
      "cycled": 2754.7200000000003
    },
    "2025-07": {
      "walked": 1195.36,
      "ran": 88.48,
      "cycled": 3571.1199999999994
    },
    "2025-08": {
      "walked": 1417.12,
      "ran": 321.04,
      "cycled": 2545.76
    },
    "2025-09": {
      "walked": 1206.8,
      "ran": 20.400000000000002,
      "cycled": 2247.84
    },
    "2025-10": {
      "walked": 1216.24,
      "ran": 0.0,
      "cycled": 1151.04
    },
    "2025-11": {
      "walked": 0.0,
      "ran": 0.0,
      "cycled": 0.0
    },
    "2025-12": {
      "walked": 0.0,
      "ran": 0.0,
      "cycled": 0.0
    }
  }
}